product_id,product_name,category,brand,price,created_timestamp,updated_timestamp,is_active
1,After Product,Home,Samsung,164.31,2026-06-30 06:13:42,2026-07-22 14:32:35,Y
2,Participant Product,Sports,Adidas,140.61,2026-03-25 17:35:47,2026-04-01 00:15:19,Y
3,Use Product,Electronics,Adidas,331.41,2026-02-11 10:46:30,2026-03-14 10:24:00,Y
4,Near Product,Electronics,Samsung,321.62,2026-06-30 15:15:17,2026-07-20 09:39:20,Y
5,Each Product,Toys,Samsung,165.65,2026-04-05 14:59:18,2026-04-09 06:08:14,Y
6,Mind Product,Clothing,Samsung,221.94,2026-04-16 04:55:09,2026-05-04 14:31:21,Y
7,Young Product,Grocery,Adidas,386.1,2026-05-20 21:16:35,2026-06-06 07:00:36,Y
8,Light Product,Sports,Nestle,442.87,2026-06-29 22:47:20,2026-07-30 10:45:09,Y
9,One Product,Home,Nike,303.79,2026-04-30 07:29:23,2026-05-10 14:13:08,Y
10,Tonight Product,Electronics,Adidas,266.56,2026-02-05 03:41:26,2026-02-18 16:32:57,Y
11,What Product,Home,Adidas,271.71,2026-05-12 11:01:36,2026-05-25 12:34:31,Y
12,Economy Product,Electronics,LG,83.32,2026-03-27 20:04:47,2026-03-30 14:10:22,Y
13,Treatment Product,Electronics,Adidas,343.56,2026-01-23 18:59:29,2026-02-12 15:12:17,Y
14,Become Product,Electronics,Apple,325.68,2026-04-30 14:56:56,2026-05-23 19:38:17,Y
15,No Product,Sports,LG,150.44,2026-05-16 22:47:52,2026-06-16 12:43:53,Y
16,Free Product,Grocery,LG,338.9,2026-04-10 00:00:14,2026-04-20 13:09:30,Y
17,Audience Product,Toys,Adidas,290.54,2026-04-28 20:42:12,2026-05-23 15:41:34,Y
18,Upon Product,Electronics,Adidas,68.03,2026-02-07 06:19:11,2026-02-10 06:53:49,Y
19,Rate Product,Grocery,Nike,85.83,2026-01-18 10:55:20,2026-02-16 18:37:33,N
20,Relate Product,Sports,Samsung,417.91,2026-03-01 06:49:22,2026-03-01 11:46:19,Y
21,Hot Product,Sports,Sony,103.33,2026-04-24 23:54:47,2026-05-01 11:58:15,Y
22,Stuff Product,Electronics,Apple,379.52,2026-06-01 03:05:11,2026-06-17 21:51:44,Y
23,School Product,Grocery,Samsung,400.9,2026-05-06 23:38:22,2026-05-30 10:04:34,Y
24,Responsibility Product,Sports,Sony,480.98,2026-03-07 16:07:29,2026-03-07 16:32:20,Y
25,Subject Product,Toys,Samsung,326.96,2026-04-03 09:53:04,2026-04-17 06:12:18,Y
26,Past Product,Grocery,Apple,284.47,2026-05-01 00:17:46,2026-05-21 10:19:55,Y
27,Art Product,Grocery,Adidas,371.23,2026-02-09 04:44:30,2026-03-05 05:48:08,Y
28,Eight Product,Clothing,Apple,372.27,2026-06-08 13:52:10,2026-06-21 19:04:09,Y
29,Left Product,Grocery,Nike,204.81,2026-02-16 11:56:59,2026-02-19 16:58:30,Y
30,Station Product,Sports,Samsung,368.8,2026-03-09 19:20:01,2026-04-03 19:41:02,Y
31,Relationship Product,Grocery,Apple,54.56,2026-04-15 01:34:24,2026-05-09 21:20:57,Y
32,Their Product,Clothing,Sony,71.53,2026-02-27 02:26:04,2026-03-02 17:55:30,Y
33,Bring Product,Toys,LG,185.96,2026-06-13 00:19:30,2026-06-28 08:27:50,Y
34,Myself Product,Grocery,LG,69.25,2026-01-25 15:31:47,2026-02-21 09:43:55,Y
35,Ask Product,Clothing,Samsung,128.64,2026-02-27 21:05:47,2026-03-03 19:31:05,Y
36,Two Product,Clothing,LG,493.88,2026-06-18 09:21:45,2026-07-03 06:59:18,Y
37,Also Product,Electronics,Nestle,453.48,2026-02-03 10:27:23,2026-02-24 15:05:10,Y
38,Everyone Product,Grocery,Apple,201.4,2026-01-13 06:11:00,2026-01-18 02:13:53,Y
39,Should Product,Clothing,Sony,228.79,2026-05-04 15:54:22,2026-05-11 12:50:14,Y
40,Century Product,Clothing,Nike,171.94,2026-06-09 08:34:28,2026-06-13 07:52:09,Y
41,Seek Product,Electronics,Nestle,428.83,2026-03-07 10:51:55,2026-03-23 04:21:37,Y
42,Throughout Product,Grocery,Samsung,117.43,2026-03-09 02:50:23,2026-03-22 22:51:57,Y
43,Consider Product,Home,Sony,220.9,2026-01-29 03:35:45,2026-02-07 08:31:07,N
44,Voice Product,Toys,Apple,389.08,2026-01-22 16:11:25,2026-02-18 08:23:34,Y
45,Magazine Product,Clothing,Samsung,401.13,2026-04-01 16:38:49,2026-04-06 11:34:22,Y
46,Red Product,Grocery,Nestle,318.98,2026-02-28 22:33:10,2026-03-12 03:39:53,Y
47,Economic Product,Sports,Nike,197.94,2026-02-08 17:39:27,2026-03-07 23:56:30,Y
48,General Product,Electronics,Nike,355.63,2026-04-18 15:29:20,2026-04-23 14:48:20,Y
49,Personal Product,Sports,Apple,76.18,2026-02-23 23:39:38,2026-03-26 01:43:26,Y
50,Kind Product,Grocery,Apple,417.99,2026-03-04 12:50:10,2026-03-25 02:15:47,Y
51,List Product,Toys,Apple,106.89,2026-03-12 04:57:25,2026-03-16 04:45:02,Y
52,Soldier Product,Electronics,Adidas,316.13,2026-03-12 10:00:40,2026-03-16 02:20:13,Y
53,Front Product,Sports,Apple,39.85,2026-06-19 14:19:52,2026-06-23 08:07:31,N
54,Yeah Product,Sports,Sony,294.56,2026-03-29 08:02:24,2026-04-24 16:10:04,Y
55,Blood Product,Toys,LG,480.07,2026-06-27 15:48:18,2026-07-05 07:54:23,Y
56,Movie Product,Toys,Samsung,433.26,2026-03-03 21:31:53,2026-03-26 10:57:56,Y
57,Beyond Product,Home,Nike,46.13,2026-03-12 08:40:32,2026-03-22 22:23:25,Y
58,Start Product,Home,Samsung,498.66,2026-05-05 07:37:31,2026-05-13 02:05:13,Y
59,Early Product,Toys,Sony,25.84,2026-05-05 17:38:53,2026-05-24 06:17:26,Y
60,Movie Product,Toys,Nestle,452.38,2026-06-14 03:36:06,2026-06-17 10:59:43,Y
61,Consumer Product,Sports,LG,432.39,2026-04-11 22:47:02,2026-04-23 19:37:30,Y
62,Manage Product,Grocery,LG,94.47,2026-04-13 20:47:49,2026-04-27 18:45:50,Y
63,Serve Product,Home,Nike,410.09,2026-03-26 03:18:58,2026-04-08 04:05:27,Y
64,On Product,Toys,Nike,385.46,2026-03-05 08:28:50,2026-03-06 18:58:34,Y
65,Girl Product,Grocery,Adidas,252.42,2026-05-23 17:41:20,2026-06-16 06:29:42,Y
66,Manage Product,Home,Samsung,457.51,2026-04-01 19:34:47,2026-04-27 02:55:40,Y
67,Next Product,Grocery,Nike,428.71,2026-04-14 10:39:31,2026-05-04 16:27:55,Y
68,Probably Product,Electronics,Samsung,98.95,2026-03-28 14:57:23,2026-04-21 20:07:43,Y
69,Politics Product,Sports,LG,349.34,2026-05-10 22:41:35,2026-05-20 16:15:46,Y
70,Firm Product,Home,Apple,359.36,2026-01-24 22:38:58,2026-02-22 20:04:52,Y
71,Skin Product,Home,LG,287.2,2026-04-12 04:58:24,2026-04-16 04:51:20,Y
72,Hour Product,Home,Samsung,249.77,2026-02-27 14:52:02,2026-03-07 08:01:44,Y
73,Friend Product,Grocery,Samsung,151.91,2026-02-26 07:56:14,2026-03-13 04:47:27,N
74,Although Product,Grocery,Sony,97.1,2026-06-06 15:53:28,2026-06-20 09:29:04,Y
75,Two Product,Toys,Adidas,491.05,2026-04-13 20:36:56,2026-05-12 09:24:12,Y
76,Just Product,Home,Samsung,479.26,2026-03-09 13:23:23,2026-04-06 20:43:57,Y
77,Everybody Product,Clothing,Nestle,240.49,2026-06-29 07:50:34,2026-07-17 11:57:32,Y
78,Direction Product,Grocery,Sony,138.22,2026-06-04 07:46:22,2026-06-27 06:27:57,Y
79,Power Product,Electronics,LG,226.99,2026-04-28 19:28:31,2026-05-17 08:32:41,Y
80,Part Product,Electronics,Nestle,141.66,2026-03-30 15:55:45,2026-04-03 18:39:07,Y
81,Pick Product,Sports,Apple,332.59,2026-01-08 22:38:31,2026-01-22 21:26:39,Y
82,Edge Product,Clothing,Sony,76.4,2026-06-28 21:19:21,2026-07-06 16:11:17,Y
83,House Product,Home,LG,64.24,2026-06-24 18:20:55,2026-06-25 13:24:40,N
84,Term Product,Grocery,LG,388.0,2026-06-07 02:33:26,2026-06-30 08:19:38,N
85,Political Product,Electronics,Samsung,473.34,2026-02-16 00:41:59,2026-03-03 23:49:20,Y
86,Social Product,Home,Apple,52.45,2026-06-25 12:51:26,2026-07-08 11:21:34,Y
87,Director Product,Grocery,Nike,492.89,2026-04-21 08:31:05,2026-04-26 16:56:17,Y
88,Again Product,Clothing,Samsung,491.1,2026-03-28 14:48:06,2026-04-13 22:50:02,Y
89,Agent Product,Home,Sony,156.6,2026-04-06 03:10:00,2026-05-06 19:10:00,Y
90,Fast Product,Clothing,Sony,94.98,2026-05-26 18:23:54,2026-05-28 23:36:34,Y
91,Front Product,Clothing,Apple,446.26,2026-03-30 03:55:43,2026-04-28 08:34:06,Y
92,Stage Product,Electronics,LG,444.68,2026-02-15 16:09:52,2026-03-14 06:11:31,Y
93,Thought Product,Clothing,LG,87.86,2026-01-31 09:59:18,2026-02-03 21:42:29,Y
94,Fast Product,Toys,LG,416.73,2026-02-19 19:09:39,2026-03-21 05:39:38,Y
95,Trouble Product,Grocery,Adidas,247.93,2026-01-30 21:35:04,2026-02-10 04:58:13,Y
96,West Product,Toys,Nestle,378.53,2026-01-11 11:03:58,2026-02-10 02:55:51,Y
97,Friend Product,Toys,LG,263.23,2026-05-14 02:42:41,2026-05-24 19:19:17,Y
98,Explain Product,Home,Nestle,216.03,2026-06-14 06:18:20,2026-06-18 21:06:32,Y
99,Nearly Product,Clothing,Sony,156.42,2026-01-22 15:01:31,2026-01-26 01:37:01,N
100,Through Product,Home,LG,375.19,2026-03-15 21:44:03,2026-03-31 22:56:08,Y
101,Have Product,Home,Sony,98.18,2026-02-14 20:20:47,2026-02-16 13:21:50,N
102,Dream Product,Grocery,LG,188.56,2026-01-14 21:55:27,2026-02-07 14:29:21,Y
103,Billion Product,Electronics,Nestle,105.79,2026-02-24 03:29:11,2026-03-24 11:14:31,Y
104,Purpose Product,Toys,Samsung,462.53,2026-06-13 19:00:02,2026-07-13 07:13:59,Y
105,As Product,Grocery,Nike,459.2,2026-03-03 21:52:58,2026-03-30 08:04:22,Y
106,My Product,Sports,Nestle,287.42,2026-02-09 04:38:15,2026-03-01 01:55:11,Y
107,Situation Product,Sports,Nestle,10.06,2026-06-10 09:13:56,2026-07-01 09:12:13,Y
108,Something Product,Electronics,Nestle,347.8,2026-04-07 08:53:57,2026-04-14 00:10:35,Y
109,Task Product,Electronics,Apple,451.6,2026-04-25 04:42:44,2026-05-02 07:22:51,Y
110,Work Product,Toys,Nestle,202.11,2026-02-16 17:20:10,2026-03-19 16:36:53,Y
111,Study Product,Grocery,Samsung,279.6,2026-03-14 18:16:06,2026-04-07 21:41:58,Y
112,Case Product,Electronics,Adidas,197.09,2026-02-02 16:02:30,2026-02-17 19:09:44,Y
113,Line Product,Grocery,Sony,300.52,2026-06-27 02:15:27,2026-07-16 13:44:14,Y
114,Fire Product,Electronics,Apple,173.97,2026-05-09 06:49:13,2026-06-01 16:51:49,N
115,Kid Product,Sports,Apple,473.68,2026-02-14 11:29:12,2026-03-15 07:32:37,Y
116,To Product,Electronics,Adidas,223.06,2026-02-27 05:40:12,2026-03-10 03:26:40,Y
117,Third Product,Electronics,Samsung,343.96,2026-06-04 16:18:35,2026-06-09 20:53:55,Y
118,State Product,Home,Samsung,76.03,2026-05-17 00:39:46,2026-05-23 00:39:06,Y
119,Case Product,Clothing,Samsung,429.22,2026-03-01 00:24:00,2026-03-19 02:16:24,Y
120,Similar Product,Sports,LG,324.17,2026-01-10 18:34:04,2026-01-11 15:27:02,Y
121,Enter Product,Clothing,Nike,175.85,2026-06-07 12:28:58,2026-06-30 20:12:29,N
122,Charge Product,Home,Apple,76.48,2026-04-27 15:58:57,2026-05-02 06:33:53,Y
123,Read Product,Sports,Adidas,153.43,2026-02-14 12:16:56,2026-02-20 00:03:57,Y
124,Itself Product,Toys,Nike,108.01,2026-04-16 22:56:34,2026-05-14 06:21:42,Y
125,System Product,Home,Nike,334.36,2026-04-17 14:46:28,2026-05-02 03:15:51,Y
126,Any Product,Toys,Nestle,393.14,2026-05-16 06:15:13,2026-06-07 12:51:25,Y
127,Mean Product,Home,Apple,199.45,2026-04-29 17:55:48,2026-05-25 07:19:29,Y
128,Prepare Product,Grocery,Apple,172.15,2026-05-19 20:28:19,2026-06-17 15:54:22,Y
129,Teacher Product,Toys,Apple,196.06,2026-06-18 12:59:33,2026-07-01 18:27:34,Y
130,Style Product,Clothing,Adidas,401.41,2026-03-11 23:43:36,2026-04-05 04:25:01,Y
131,Thank Product,Sports,Nike,307.13,2026-03-23 14:15:55,2026-04-15 19:04:54,Y
132,Suffer Product,Electronics,Samsung,15.63,2026-05-16 23:40:56,2026-05-18 20:47:46,Y
133,Seven Product,Grocery,Apple,157.24,2026-01-14 10:54:05,2026-01-24 22:06:52,Y
134,Eight Product,Toys,Apple,148.42,2026-06-09 10:37:57,2026-07-06 01:08:18,Y
135,Present Product,Clothing,LG,207.79,2026-05-24 05:57:56,2026-05-28 11:24:03,Y
136,Adult Product,Grocery,Sony,53.05,2026-06-10 15:44:17,2026-07-02 22:51:59,Y
137,Class Product,Home,Sony,294.52,2026-04-08 15:24:30,2026-04-13 16:02:14,Y
138,Protect Product,Home,Samsung,92.73,2026-01-06 15:42:36,2026-01-18 01:48:32,Y
139,Staff Product,Home,Nike,357.15,2026-06-23 12:58:09,2026-06-27 10:10:49,Y
140,Hand Product,Clothing,Sony,495.89,2026-01-22 11:38:51,2026-02-06 12:18:48,Y
141,Try Product,Grocery,Samsung,326.46,2026-03-06 06:32:17,2026-03-22 07:03:37,Y
142,Arm Product,Toys,Sony,331.41,2026-03-09 14:27:21,2026-03-10 23:15:09,Y
143,Green Product,Electronics,Nike,193.43,2026-01-09 04:55:59,2026-01-28 05:43:35,Y
144,Public Product,Home,Nike,402.56,2026-04-08 12:02:44,2026-04-29 20:47:08,Y
145,Choose Product,Clothing,Apple,246.97,2026-04-19 13:45:21,2026-04-24 01:31:37,Y
146,Many Product,Electronics,Samsung,406.32,2026-04-26 21:05:51,2026-05-18 08:01:23,Y
147,White Product,Grocery,Adidas,48.26,2026-01-28 07:04:11,2026-02-08 09:13:47,Y
148,Course Product,Clothing,Nestle,482.99,2026-01-04 23:51:21,2026-02-01 18:55:30,N
149,Young Product,Toys,Apple,103.76,2026-06-11 10:50:42,2026-06-15 05:57:45,Y
150,Upon Product,Toys,Apple,109.06,2026-01-21 05:05:45,2026-02-20 07:06:12,Y
151,Throw Product,Toys,Sony,304.7,2026-04-10 10:40:33,2026-04-17 02:32:45,Y
152,Computer Product,Clothing,Samsung,44.38,2026-03-15 23:43:37,2026-04-12 01:11:48,N
153,Late Product,Toys,Adidas,42.51,2026-03-09 04:56:34,2026-03-27 11:40:41,Y
154,Perform Product,Sports,LG,322.09,2026-03-24 07:10:25,2026-04-14 01:29:03,Y
155,Accept Product,Toys,Nike,144.32,2026-03-06 11:47:15,2026-03-22 12:29:11,Y
156,And Product,Sports,Samsung,338.65,2026-01-16 02:31:22,2026-02-14 01:35:01,Y
157,Return Product,Home,Nestle,342.14,2026-04-25 00:47:43,2026-04-27 11:25:32,Y
158,Ever Product,Toys,Adidas,242.82,2026-01-17 18:16:46,2026-02-13 04:45:08,Y
159,Or Product,Electronics,Nestle,179.68,2026-05-06 10:34:47,2026-05-12 18:11:57,Y
160,Fly Product,Sports,Sony,80.58,2026-04-29 10:59:50,2026-05-26 23:29:45,Y
161,Voice Product,Toys,Apple,202.71,2026-04-09 13:01:55,2026-04-13 23:26:50,Y
162,Argue Product,Electronics,Sony,238.78,2026-06-19 05:09:37,2026-07-19 10:22:43,Y
163,Summer Product,Clothing,Nike,117.73,2026-02-20 00:31:25,2026-02-25 10:25:19,Y
164,Day Product,Home,Samsung,38.12,2026-05-08 13:27:54,2026-05-14 05:09:57,Y
165,Year Product,Grocery,Sony,247.8,2026-05-03 19:18:09,2026-05-11 11:50:00,N
166,Growth Product,Clothing,Samsung,301.56,2026-06-11 05:21:40,2026-06-21 03:01:07,Y
167,Suddenly Product,Sports,Samsung,13.77,2026-03-29 23:23:51,2026-04-21 03:47:27,Y
168,His Product,Sports,Adidas,143.86,2026-03-05 06:20:44,2026-03-12 17:01:42,Y
169,Song Product,Clothing,Apple,355.51,2026-03-26 22:12:57,2026-03-31 09:03:37,Y
170,Into Product,Electronics,Sony,376.35,2026-03-05 15:36:30,2026-04-02 15:57:02,Y
171,Group Product,Sports,Sony,389.83,2026-01-21 16:31:29,2026-02-10 15:48:33,Y
172,Their Product,Grocery,Nestle,6.51,2026-03-12 22:09:23,2026-04-08 23:39:38,Y
173,Huge Product,Home,LG,442.19,2026-06-08 15:35:09,2026-07-03 23:55:40,Y
174,Evening Product,Electronics,Nestle,442.96,2026-06-15 06:59:38,2026-07-04 10:18:24,Y
175,Attack Product,Electronics,Nike,134.19,2026-05-10 09:15:50,2026-05-22 23:00:42,Y
176,Behavior Product,Sports,Adidas,455.35,2026-01-07 00:41:41,2026-01-31 13:47:04,Y
177,May Product,Electronics,Nike,230.69,2026-06-10 12:35:10,2026-06-30 03:23:30,Y
178,Behavior Product,Electronics,Samsung,434.53,2026-06-05 14:18:10,2026-06-23 18:38:11,Y
179,Keep Product,Toys,Sony,324.93,2026-04-05 04:20:53,2026-04-28 16:55:54,Y
180,Style Product,Clothing,Adidas,286.42,2026-03-25 19:53:48,2026-03-27 16:12:08,Y
181,Still Product,Electronics,Apple,80.03,2026-01-15 23:45:45,2026-01-20 14:50:44,Y
182,Relate Product,Home,Adidas,39.44,2026-03-02 02:48:23,2026-03-13 12:53:49,Y
183,Live Product,Clothing,Adidas,49.29,2026-01-16 16:26:41,2026-02-11 05:10:50,Y
184,Safe Product,Electronics,Nestle,343.34,2026-02-10 03:48:58,2026-03-09 12:03:13,Y
185,Condition Product,Grocery,Apple,477.44,2026-06-14 22:14:30,2026-06-15 23:29:18,Y
186,Care Product,Clothing,Adidas,148.37,2026-03-23 10:24:48,2026-04-13 07:49:49,Y
187,Job Product,Grocery,Apple,293.46,2026-06-28 13:35:04,2026-06-29 20:12:06,Y
188,Say Product,Grocery,Sony,110.33,2026-06-29 02:37:56,2026-07-10 19:35:49,Y
189,Develop Product,Sports,Apple,418.24,2026-06-10 23:39:18,2026-06-19 17:02:50,Y
190,Success Product,Toys,Nike,228.57,2026-03-07 10:12:20,2026-04-04 18:37:27,Y
191,Successful Product,Electronics,Sony,403.29,2026-06-16 21:32:49,2026-06-29 03:43:56,Y
192,Glass Product,Toys,Nestle,111.1,2026-02-22 06:48:36,2026-03-18 06:08:29,Y
193,Value Product,Home,Apple,257.99,2026-03-19 11:29:03,2026-04-09 07:43:39,Y
194,Race Product,Toys,Nike,231.65,2026-02-25 05:55:21,2026-03-03 21:41:45,Y
195,At Product,Grocery,Samsung,310.1,2026-02-12 15:30:35,2026-03-04 01:21:17,Y
196,Method Product,Home,Sony,193.8,2026-01-08 19:03:54,2026-01-09 04:02:54,Y
197,Appear Product,Toys,Nike,42.67,2026-02-10 03:03:23,2026-02-16 23:15:50,Y
198,Fire Product,Home,Sony,465.41,2026-01-06 09:49:02,2026-02-03 13:08:11,Y
199,Moment Product,Sports,Apple,12.1,2026-02-22 03:58:40,2026-03-18 01:48:41,Y
200,Difference Product,Home,Samsung,352.92,2026-03-02 14:55:56,2026-03-21 13:31:13,Y
201,Bill Product,Electronics,Sony,219.08,2026-06-27 04:13:04,2026-07-10 01:37:05,Y
202,Not Product,Home,Nestle,144.38,2026-02-14 00:36:57,2026-02-15 21:41:46,Y
203,Partner Product,Sports,Adidas,5.96,2026-03-10 00:42:17,2026-04-09 06:58:01,Y
204,Determine Product,Toys,Samsung,146.83,2026-05-25 13:35:44,2026-06-09 21:21:38,Y
205,Seem Product,Home,Nestle,277.76,2026-04-05 14:52:30,2026-04-22 20:16:12,Y
206,Capital Product,Home,Adidas,149.76,2026-06-13 11:26:11,2026-07-01 23:49:40,Y
207,Rather Product,Home,Apple,169.74,2026-05-07 21:34:26,2026-05-19 10:40:04,Y
208,View Product,Electronics,Nike,255.64,2026-04-30 14:48:34,2026-05-28 11:59:30,Y
209,Society Product,Grocery,Adidas,400.37,2026-06-10 04:38:21,2026-06-28 01:32:08,Y
210,Outside Product,Clothing,LG,25.78,2026-02-22 22:25:05,2026-03-21 12:21:12,Y
211,White Product,Toys,Nestle,394.92,2026-01-02 08:59:35,2026-01-23 14:46:49,Y
212,Everybody Product,Clothing,Nestle,410.58,2026-03-25 23:53:51,2026-04-06 17:53:16,Y
213,Find Product,Toys,Sony,82.07,2026-03-31 23:26:44,2026-04-25 02:41:24,Y
214,Population Product,Sports,Apple,458.34,2026-02-18 22:00:57,2026-03-16 14:52:03,Y
215,West Product,Electronics,Adidas,99.55,2026-03-20 07:48:25,2026-03-29 14:23:05,Y
216,Wait Product,Home,Sony,475.75,2026-03-17 03:13:11,2026-04-13 00:17:15,Y
217,Particularly Product,Sports,Nike,108.18,2026-04-02 21:25:00,2026-04-25 16:44:21,Y
218,Statement Product,Electronics,Sony,163.22,2026-05-31 15:40:39,2026-06-18 17:24:10,Y
219,Again Product,Sports,Nestle,295.63,2026-06-29 15:55:51,2026-07-12 09:44:57,Y
220,Word Product,Electronics,Sony,129.82,2026-06-25 15:01:24,2026-06-27 06:50:21,Y
221,Her Product,Toys,Nike,124.48,2026-03-04 23:53:45,2026-03-25 03:23:09,N
222,Design Product,Grocery,LG,208.25,2026-01-09 10:19:35,2026-02-03 09:14:03,Y
223,Fear Product,Sports,Samsung,253.53,2026-02-02 18:55:43,2026-02-26 19:55:15,Y
224,Not Product,Electronics,Nike,294.9,2026-06-28 18:24:51,2026-07-28 12:06:37,Y
225,No Product,Clothing,Nike,216.23,2026-05-06 05:57:28,2026-05-15 10:59:46,Y
226,Far Product,Toys,Adidas,328.67,2026-01-20 06:30:31,2026-01-27 06:55:20,Y
227,Whose Product,Clothing,Adidas,249.21,2026-04-07 01:19:11,2026-04-14 12:14:54,Y
228,Go Product,Clothing,Samsung,221.86,2026-06-29 03:06:10,2026-07-03 07:53:48,Y
229,Event Product,Clothing,Samsung,212.22,2026-06-28 13:01:45,2026-07-15 11:25:25,Y
230,Factor Product,Toys,Nike,239.94,2026-04-22 17:44:27,2026-04-24 19:49:43,Y
231,Between Product,Toys,Apple,225.82,2026-03-04 04:07:01,2026-03-09 06:43:12,N
232,Democrat Product,Sports,Samsung,282.03,2026-04-06 17:16:30,2026-04-09 14:28:07,Y
233,Wind Product,Electronics,LG,395.1,2026-02-07 09:08:47,2026-03-01 21:09:10,Y
234,Choose Product,Grocery,Nike,460.76,2026-06-20 08:37:33,2026-06-20 18:34:24,Y
235,Political Product,Grocery,Sony,278.75,2026-02-24 06:42:30,2026-03-11 21:55:36,Y
236,Itself Product,Electronics,Sony,259.13,2026-01-19 04:42:08,2026-02-15 20:52:03,N
237,Many Product,Home,Apple,414.85,2026-05-25 05:15:40,2026-06-18 19:09:20,Y
238,Final Product,Toys,Nestle,465.74,2026-04-21 01:55:20,2026-05-15 13:56:32,Y
239,Key Product,Clothing,Sony,324.79,2026-06-05 07:47:58,2026-06-09 23:27:48,Y
240,Significant Product,Sports,LG,20.3,2026-02-10 07:38:33,2026-02-19 23:27:37,Y
241,Plan Product,Home,Sony,144.01,2026-01-22 22:57:49,2026-01-27 19:00:12,Y
242,Big Product,Sports,LG,246.45,2026-03-29 09:53:34,2026-04-17 20:51:53,Y
243,General Product,Toys,Adidas,289.12,2026-06-26 18:44:35,2026-07-26 16:23:13,Y
244,Great Product,Electronics,Nike,316.42,2026-01-24 22:31:21,2026-02-11 15:11:01,Y
245,Partner Product,Clothing,Apple,177.51,2026-03-15 19:32:14,2026-03-26 06:30:29,Y
246,Goal Product,Toys,Nestle,98.23,2026-03-27 16:43:26,2026-04-05 01:21:53,Y
247,Child Product,Clothing,LG,163.97,2026-02-05 22:18:12,2026-02-27 19:41:57,Y
248,Window Product,Toys,Apple,106.84,2026-05-29 16:11:07,2026-06-22 16:07:25,Y
249,Learn Product,Sports,Sony,359.94,2026-03-28 05:56:41,2026-04-22 21:19:56,Y
250,Campaign Product,Electronics,Sony,407.49,2026-04-28 17:21:09,2026-05-07 12:25:25,N
251,Idea Product,Sports,LG,293.87,2026-01-01 02:12:51,2026-01-30 11:12:22,Y
252,Film Product,Clothing,Samsung,240.8,2026-05-26 13:12:17,2026-05-28 02:52:48,Y
253,For Product,Electronics,Nike,58.19,2026-01-31 04:11:07,2026-02-11 05:14:01,Y
254,Indicate Product,Toys,LG,34.64,2026-02-02 03:59:47,2026-02-23 17:12:49,Y
255,Blood Product,Clothing,LG,287.46,2026-06-09 23:17:18,2026-06-23 06:31:32,Y
256,Plant Product,Home,Adidas,113.84,2026-05-22 11:53:15,2026-05-26 12:28:52,Y
257,Lose Product,Toys,LG,489.44,2026-04-09 06:34:39,2026-04-09 11:40:15,Y
258,Serious Product,Sports,LG,86.99,2026-05-05 03:06:15,2026-06-01 16:20:30,Y
259,Its Product,Clothing,Adidas,301.86,2026-02-26 08:06:00,2026-03-06 05:25:27,Y
260,Mrs Product,Sports,Apple,370.89,2026-02-24 07:06:54,2026-02-26 20:52:22,Y
261,After Product,Toys,Sony,221.14,2026-06-07 12:01:34,2026-07-01 20:15:30,Y
262,Several Product,Sports,LG,106.71,2026-03-29 10:01:31,2026-04-15 05:26:24,Y
263,Store Product,Sports,Apple,112.87,2026-01-20 19:53:44,2026-02-11 08:04:34,Y
264,Oil Product,Sports,Samsung,344.81,2026-03-12 07:45:18,2026-04-09 15:09:56,Y
265,Would Product,Home,Nike,193.58,2026-06-15 22:04:28,2026-07-07 22:29:04,Y
266,In Product,Home,Nike,241.87,2026-04-25 13:05:27,2026-05-04 00:19:44,Y
267,Issue Product,Sports,Nike,28.75,2026-05-30 20:33:38,2026-06-16 03:27:40,Y
268,Second Product,Clothing,Nike,229.28,2026-02-10 02:39:44,2026-02-27 03:55:49,Y
269,Relationship Product,Grocery,LG,38.06,2026-04-22 08:55:58,2026-04-27 16:22:17,Y
270,Above Product,Clothing,Sony,471.3,2026-06-08 01:36:41,2026-07-04 00:47:59,Y
271,Off Product,Electronics,Nike,409.56,2026-03-02 00:51:12,2026-03-21 22:55:16,Y
272,Way Product,Clothing,Apple,126.6,2026-02-01 14:35:48,2026-02-13 13:46:57,Y
273,Lay Product,Electronics,Sony,71.8,2026-02-13 08:32:52,2026-02-14 01:05:49,Y
274,Particularly Product,Home,Sony,126.67,2026-02-09 04:15:55,2026-02-28 15:52:45,Y
275,Might Product,Electronics,Sony,72.27,2026-01-29 22:15:10,2026-02-19 18:03:12,Y
276,Trouble Product,Sports,LG,235.98,2026-05-16 15:43:48,2026-05-29 09:18:34,Y
277,Although Product,Sports,Adidas,129.46,2026-05-14 11:50:38,2026-06-02 10:44:25,Y
278,Act Product,Clothing,Nike,421.76,2026-02-12 16:54:31,2026-02-16 18:07:35,Y
279,Evidence Product,Grocery,Adidas,12.94,2026-04-16 12:24:19,2026-04-27 12:44:50,Y
280,Mrs Product,Home,Sony,126.02,2026-06-13 04:28:55,2026-07-02 03:37:36,Y
281,Lose Product,Home,Apple,234.33,2026-02-28 14:16:31,2026-03-13 05:02:00,Y
282,Range Product,Electronics,Nike,235.22,2026-01-14 07:09:57,2026-02-03 10:28:20,Y
283,Team Product,Clothing,Sony,25.06,2026-06-17 13:04:38,2026-06-27 00:57:10,N
284,Movement Product,Grocery,Samsung,496.09,2026-05-03 02:22:21,2026-05-09 12:21:53,Y
285,Also Product,Home,Samsung,226.94,2026-05-24 08:03:01,2026-06-09 14:43:34,Y
286,Well Product,Clothing,LG,66.03,2026-06-06 14:22:39,2026-06-16 23:45:42,Y
287,Current Product,Toys,Nestle,285.34,2026-05-05 13:48:32,2026-05-07 11:38:07,Y
288,Mean Product,Toys,Nike,76.26,2026-02-09 12:21:42,2026-03-04 03:08:28,Y
289,Next Product,Electronics,Nike,11.0,2026-02-20 02:39:24,2026-02-28 14:53:26,Y
290,While Product,Clothing,Nike,495.26,2026-04-18 18:12:26,2026-05-13 22:40:01,Y
291,Over Product,Electronics,Apple,236.81,2026-01-17 05:54:02,2026-01-26 05:24:52,N
292,Even Product,Home,LG,365.32,2026-06-22 15:07:05,2026-07-14 05:59:02,Y
293,Suggest Product,Toys,Nike,265.72,2026-05-01 08:36:35,2026-05-19 07:58:15,Y
294,Might Product,Grocery,Apple,408.39,2026-05-31 16:43:17,2026-06-26 12:33:14,Y
295,Show Product,Clothing,Nike,401.83,2026-03-11 10:32:19,2026-03-27 09:57:22,Y
296,Blood Product,Sports,Apple,463.4,2026-02-07 17:14:54,2026-03-05 01:11:09,Y
297,Soon Product,Home,Samsung,125.03,2026-05-10 11:26:47,2026-05-23 01:03:08,Y
298,Myself Product,Sports,Apple,210.04,2026-06-19 02:49:20,2026-07-18 04:16:45,N
299,Air Product,Sports,LG,110.94,2026-03-27 11:07:19,2026-04-04 03:03:50,Y
300,Question Product,Clothing,Nike,298.76,2026-03-02 09:15:39,2026-03-27 14:36:49,Y
301,See Product,Sports,Sony,448.81,2026-01-26 02:05:50,2026-02-18 02:15:24,Y
302,Understand Product,Grocery,Nike,491.93,2026-06-28 20:09:03,2026-06-29 11:20:05,Y
303,Participant Product,Home,Nike,54.49,2026-06-25 22:22:42,2026-07-14 00:24:52,N
304,Laugh Product,Sports,Adidas,496.77,2026-01-22 01:39:00,2026-02-17 08:29:10,Y
305,Feeling Product,Home,Apple,37.15,2026-06-01 09:39:53,2026-06-17 12:33:32,Y
306,Nice Product,Clothing,Apple,346.07,2026-03-08 05:41:49,2026-03-30 21:48:20,Y
307,Treat Product,Home,Nike,328.48,2026-03-28 21:10:44,2026-04-13 11:33:16,Y
308,Mission Product,Grocery,Sony,78.62,2026-04-18 07:50:54,2026-04-28 05:11:07,Y
309,Now Product,Grocery,Apple,362.77,2026-01-21 01:37:56,2026-01-24 05:44:24,Y
310,Stay Product,Sports,Samsung,465.29,2026-03-27 22:20:37,2026-04-04 20:51:04,Y
311,Through Product,Sports,Nestle,21.75,2026-06-21 17:46:37,2026-07-01 16:00:34,Y
312,Provide Product,Sports,Sony,330.87,2026-02-19 11:04:03,2026-02-20 19:28:14,Y
313,Close Product,Toys,Nike,479.24,2026-03-24 14:08:52,2026-04-04 13:54:19,Y
314,Partner Product,Electronics,Sony,438.38,2026-06-29 05:00:55,2026-07-24 10:17:21,Y
315,When Product,Grocery,Nestle,94.35,2026-01-11 04:15:32,2026-01-30 19:33:30,Y
316,Suffer Product,Electronics,Samsung,243.99,2026-01-03 20:23:45,2026-01-14 15:47:06,Y
317,Story Product,Toys,Nestle,254.97,2026-05-09 06:13:09,2026-05-20 03:56:03,Y
318,Sometimes Product,Toys,Adidas,24.52,2026-05-16 18:39:59,2026-06-05 01:07:48,N
319,Sing Product,Home,Samsung,206.63,2026-06-01 17:18:34,2026-06-26 07:20:52,Y
320,Phone Product,Clothing,LG,119.32,2026-01-17 15:53:56,2026-01-31 06:52:52,Y
321,Gas Product,Grocery,Nestle,452.67,2026-06-01 07:28:16,2026-06-11 04:22:18,Y
322,Republican Product,Grocery,Sony,6.11,2026-03-09 00:33:14,2026-03-10 08:25:42,Y
323,Second Product,Clothing,Adidas,476.54,2026-01-20 08:34:52,2026-02-18 02:00:53,Y
324,Fish Product,Grocery,LG,332.34,2026-06-13 09:49:38,2026-07-04 11:21:15,Y
325,Environmental Product,Clothing,Nestle,104.13,2026-01-30 07:59:24,2026-02-17 07:20:35,Y
326,Oil Product,Grocery,Nestle,366.85,2026-01-21 10:41:15,2026-02-21 01:42:21,Y
327,Ready Product,Grocery,Nike,53.31,2026-03-16 21:16:26,2026-03-22 10:30:12,Y
328,Hear Product,Electronics,Adidas,468.87,2026-03-21 17:44:35,2026-04-10 19:48:44,N
329,Plan Product,Clothing,Adidas,418.42,2026-01-17 08:11:07,2026-02-10 22:32:14,Y
330,Seven Product,Home,Adidas,50.55,2026-05-11 03:30:42,2026-05-30 12:20:47,Y
331,Follow Product,Electronics,Samsung,85.33,2026-02-18 17:16:46,2026-02-19 13:08:36,Y
332,Ever Product,Home,Adidas,197.69,2026-05-14 22:34:12,2026-05-30 18:56:13,Y
333,Throw Product,Clothing,Nestle,244.29,2026-01-27 16:49:51,2026-02-08 23:00:03,Y
334,Adult Product,Sports,LG,386.57,2026-06-28 02:47:14,2026-07-25 00:47:12,Y
335,Red Product,Electronics,LG,180.93,2026-06-14 11:12:57,2026-06-15 12:41:09,N
336,Capital Product,Sports,Samsung,71.37,2026-04-06 20:21:26,2026-04-29 20:42:21,Y
337,Late Product,Clothing,LG,364.32,2026-05-14 17:49:07,2026-06-01 22:19:38,Y
338,Goal Product,Clothing,Adidas,215.69,2026-06-09 01:50:53,2026-06-29 12:06:12,Y
339,Production Product,Sports,Apple,143.93,2026-01-28 01:19:42,2026-02-27 06:03:58,Y
340,Seat Product,Sports,Samsung,17.94,2026-01-20 16:23:04,2026-02-05 02:10:23,Y
341,Mission Product,Electronics,Nike,61.12,2026-02-17 22:05:55,2026-02-22 14:44:33,N
342,Not Product,Electronics,Apple,29.29,2026-03-27 10:56:07,2026-04-02 05:09:44,Y
343,Tv Product,Clothing,Adidas,346.79,2026-05-21 17:58:54,2026-05-24 16:34:53,Y
344,Question Product,Electronics,Nike,459.82,2026-05-22 21:19:06,2026-06-20 10:08:05,Y
345,Red Product,Clothing,Samsung,57.88,2026-06-18 10:17:47,2026-06-19 14:21:53,Y
346,Though Product,Clothing,Adidas,127.55,2026-05-01 11:25:34,2026-05-04 19:36:11,Y
347,Stop Product,Electronics,Sony,113.12,2026-02-17 20:58:36,2026-03-12 00:39:27,Y
348,Red Product,Electronics,Nestle,263.87,2026-02-13 23:52:55,2026-03-07 16:08:21,Y
349,Chance Product,Toys,Sony,100.27,2026-02-18 15:35:15,2026-02-20 04:48:54,Y
350,Building Product,Grocery,LG,428.79,2026-03-30 04:25:37,2026-04-12 22:43:54,Y
351,Stage Product,Clothing,Apple,374.66,2026-04-18 08:41:38,2026-05-03 08:49:03,Y
352,Have Product,Grocery,Nestle,24.9,2026-05-28 05:52:41,2026-06-15 09:34:56,N
353,Would Product,Electronics,LG,6.39,2026-01-12 23:04:43,2026-01-25 03:18:00,Y
354,He Product,Grocery,Apple,363.54,2026-01-29 22:00:26,2026-02-02 08:13:54,Y
355,East Product,Sports,Nestle,104.77,2026-04-05 10:26:24,2026-04-27 03:09:41,Y
356,Case Product,Grocery,Sony,247.01,2026-02-22 12:22:12,2026-03-22 10:16:54,Y
357,Quickly Product,Electronics,Nestle,232.08,2026-01-13 08:00:27,2026-01-27 13:04:17,Y
358,Second Product,Sports,Adidas,11.81,2026-04-16 03:56:18,2026-04-20 13:13:29,Y
359,Government Product,Sports,Apple,345.77,2026-05-16 02:37:29,2026-05-27 12:18:43,Y
360,How Product,Grocery,Samsung,391.6,2026-05-03 12:17:10,2026-05-18 19:46:07,Y
361,College Product,Toys,Nike,263.4,2026-04-09 07:35:32,2026-04-29 11:42:49,Y
362,Sea Product,Electronics,LG,478.79,2026-03-11 21:33:51,2026-03-21 20:58:52,Y
363,He Product,Clothing,LG,400.5,2026-03-14 08:51:15,2026-04-08 06:50:50,Y
364,Green Product,Toys,Adidas,279.17,2026-02-16 20:31:33,2026-02-17 00:32:53,Y
365,First Product,Sports,Nike,349.53,2026-01-01 15:12:11,2026-01-05 14:31:57,Y
366,Describe Product,Home,Samsung,193.06,2026-02-21 20:25:42,2026-03-20 16:02:18,Y
367,Table Product,Grocery,LG,170.05,2026-03-04 10:02:54,2026-03-14 21:33:42,Y
368,According Product,Grocery,Sony,433.94,2026-05-24 00:44:04,2026-05-27 19:41:12,Y
369,Pretty Product,Toys,Apple,114.26,2026-04-16 17:47:04,2026-04-20 15:22:32,Y
370,Provide Product,Home,Nestle,296.37,2026-04-05 03:02:16,2026-04-05 21:28:23,Y
371,Media Product,Home,Adidas,301.17,2026-02-23 02:21:59,2026-03-02 21:29:04,Y
372,Us Product,Toys,Nestle,8.15,2026-03-03 01:30:44,2026-03-11 18:41:26,Y
373,Line Product,Grocery,LG,142.45,2026-02-25 13:56:21,2026-02-28 16:28:58,Y
374,Share Product,Toys,Samsung,490.45,2026-03-31 11:48:28,2026-04-18 09:58:29,Y
375,Research Product,Electronics,Nestle,93.8,2026-06-20 08:12:11,2026-07-16 13:26:58,Y
376,Talk Product,Clothing,Apple,20.59,2026-02-20 04:18:29,2026-02-22 01:46:43,Y
377,Agent Product,Sports,Apple,345.52,2026-02-22 11:40:48,2026-03-22 21:34:31,Y
378,Cup Product,Grocery,Nestle,422.24,2026-02-10 15:24:00,2026-02-16 02:26:34,Y
379,Page Product,Grocery,Nestle,407.24,2026-01-22 05:13:04,2026-01-26 18:19:31,Y
380,Box Product,Clothing,LG,492.28,2026-05-14 22:35:56,2026-06-05 15:33:55,Y
381,Smile Product,Grocery,LG,419.16,2026-02-10 19:34:42,2026-03-01 02:03:09,Y
382,Them Product,Electronics,Apple,205.88,2026-03-22 08:38:13,2026-04-21 08:30:02,Y
383,Discover Product,Toys,Apple,450.91,2026-05-18 14:59:05,2026-06-15 09:06:55,Y
384,Blood Product,Toys,LG,357.66,2026-06-29 17:54:07,2026-07-17 09:20:05,Y
385,Yes Product,Grocery,Samsung,256.67,2026-01-14 16:11:34,2026-02-12 00:02:42,Y
386,Lawyer Product,Electronics,Nike,134.26,2026-01-19 07:34:35,2026-01-21 18:08:09,Y
387,Early Product,Grocery,Nestle,319.94,2026-02-15 01:27:31,2026-03-14 07:36:22,Y
388,Own Product,Toys,Adidas,164.31,2026-06-09 14:04:27,2026-07-03 10:38:32,Y
389,Season Product,Toys,Nestle,16.98,2026-03-12 10:01:02,2026-04-05 10:50:03,Y
390,Wide Product,Clothing,Samsung,45.9,2026-01-08 02:20:10,2026-02-02 02:11:50,Y
391,Maybe Product,Toys,Nestle,484.48,2026-01-26 14:50:57,2026-02-13 11:14:00,Y
392,Throw Product,Clothing,Nestle,148.48,2026-02-08 11:20:24,2026-03-01 15:11:22,Y
393,Cost Product,Clothing,Sony,147.16,2026-02-10 02:34:52,2026-02-14 22:17:28,Y
394,Purpose Product,Electronics,Nike,192.83,2026-01-20 04:11:52,2026-02-13 13:44:31,Y
395,Student Product,Home,Apple,192.06,2026-04-22 14:01:02,2026-05-11 15:01:44,Y
396,Cup Product,Sports,LG,65.86,2026-01-23 11:46:33,2026-02-01 03:55:58,Y
397,Meet Product,Home,Adidas,89.27,2026-03-10 16:14:20,2026-03-22 13:17:43,Y
398,Six Product,Grocery,Apple,208.04,2026-01-11 17:45:02,2026-02-01 08:48:28,Y
399,Wrong Product,Toys,Adidas,462.7,2026-05-23 14:39:22,2026-06-17 15:29:01,Y
400,Develop Product,Home,Adidas,266.65,2026-01-17 01:17:51,2026-01-18 05:13:16,Y
401,Evidence Product,Toys,Apple,276.0,2026-05-16 23:00:16,2026-06-06 22:17:10,Y
402,Standard Product,Electronics,Sony,137.56,2026-03-05 16:12:24,2026-03-27 22:46:05,Y
403,Cost Product,Grocery,LG,287.85,2026-01-17 04:44:25,2026-02-06 02:03:11,Y
404,Share Product,Toys,Apple,187.29,2026-03-20 13:19:10,2026-03-20 21:15:36,Y
405,Six Product,Electronics,Adidas,198.14,2026-05-16 13:13:06,2026-05-25 21:18:35,Y
406,Large Product,Electronics,Apple,204.62,2026-06-11 12:10:22,2026-07-11 23:58:40,Y
407,Large Product,Toys,Samsung,335.99,2026-06-22 11:21:34,2026-07-13 16:39:46,Y
408,Majority Product,Clothing,LG,458.56,2026-03-20 13:50:17,2026-04-16 23:22:53,Y
409,Staff Product,Clothing,Apple,416.06,2026-02-27 23:06:23,2026-03-07 16:50:55,Y
410,Above Product,Home,Samsung,148.4,2026-02-04 14:39:53,2026-02-26 16:23:37,Y
411,Hold Product,Home,Apple,415.12,2026-03-16 07:13:58,2026-03-22 14:02:50,Y
412,Maybe Product,Electronics,Samsung,51.81,2026-03-22 22:07:25,2026-04-15 05:58:34,Y
413,Happen Product,Clothing,Apple,124.34,2026-05-15 14:46:56,2026-06-09 18:20:59,Y
414,Thing Product,Grocery,Samsung,441.78,2026-06-23 06:31:13,2026-06-27 19:12:33,Y
415,College Product,Home,Sony,52.18,2026-01-20 02:58:48,2026-02-08 19:30:36,N
416,Democrat Product,Grocery,Apple,411.07,2026-04-15 17:46:55,2026-05-01 17:47:53,N
417,Dream Product,Grocery,Adidas,300.61,2026-01-08 18:06:21,2026-02-02 07:13:56,Y
418,Manage Product,Home,Nestle,145.41,2026-03-04 22:24:21,2026-03-20 19:08:52,N
419,Budget Product,Toys,Apple,198.92,2026-01-31 23:58:26,2026-03-02 00:55:05,Y
420,House Product,Electronics,Adidas,265.35,2026-03-30 04:56:03,2026-04-01 14:34:07,Y
421,Better Product,Sports,Nike,419.84,2026-03-15 03:34:18,2026-03-22 10:59:51,Y
422,Authority Product,Clothing,LG,78.2,2026-04-15 06:10:52,2026-05-08 11:24:30,Y
423,Market Product,Electronics,Nestle,374.28,2026-03-12 10:21:26,2026-03-14 12:38:25,Y
424,Data Product,Home,Nestle,15.52,2026-02-03 16:34:26,2026-03-06 15:37:19,Y
425,Story Product,Electronics,LG,348.37,2026-03-02 15:59:25,2026-03-16 05:50:12,Y
426,Consider Product,Electronics,LG,443.04,2026-02-02 13:49:54,2026-02-02 15:02:49,Y
427,Response Product,Toys,Sony,40.98,2026-04-12 19:05:52,2026-05-09 19:30:01,Y
428,Throw Product,Home,Samsung,409.61,2026-02-24 03:11:49,2026-03-02 12:09:10,Y
429,Nature Product,Sports,Adidas,282.88,2026-02-16 13:36:06,2026-03-04 10:30:37,Y
430,Enough Product,Electronics,Apple,155.48,2026-06-09 06:33:53,2026-06-17 16:20:55,Y
431,Other Product,Toys,LG,369.65,2026-05-16 14:49:12,2026-05-27 00:04:42,Y
432,Mother Product,Electronics,Samsung,55.72,2026-04-15 01:13:14,2026-05-05 12:53:00,Y
433,Budget Product,Clothing,LG,355.24,2026-06-26 22:01:38,2026-07-22 23:34:01,Y
434,Town Product,Clothing,Adidas,86.97,2026-03-15 18:11:59,2026-03-16 16:40:15,Y
435,Election Product,Sports,Adidas,391.36,2026-06-30 18:39:40,2026-07-14 14:16:31,Y
436,Child Product,Toys,Adidas,490.71,2026-05-22 20:38:48,2026-06-11 20:25:31,Y
437,State Product,Toys,LG,127.86,2026-05-14 09:09:34,2026-06-08 20:46:58,Y
438,Matter Product,Grocery,Apple,445.82,2026-01-27 09:01:49,2026-02-12 18:38:28,Y
439,Start Product,Clothing,Samsung,206.87,2026-02-27 09:49:09,2026-03-23 23:14:45,Y
440,Financial Product,Sports,Samsung,322.76,2026-05-23 15:09:25,2026-06-12 18:39:13,Y
441,Effect Product,Home,Nestle,332.96,2026-02-25 09:35:46,2026-03-05 02:14:00,Y
442,Eight Product,Electronics,Adidas,410.29,2026-06-16 07:57:33,2026-06-21 05:55:08,Y
443,Rather Product,Toys,LG,306.95,2026-01-01 11:26:56,2026-01-22 14:36:53,Y
444,Wait Product,Grocery,Sony,332.15,2026-05-21 04:25:37,2026-06-14 16:00:20,Y
445,House Product,Grocery,Samsung,283.09,2026-05-21 12:36:24,2026-06-02 02:16:28,Y
446,Listen Product,Clothing,Nike,287.9,2026-01-26 21:53:43,2026-02-24 02:42:55,N
447,Candidate Product,Grocery,Apple,295.87,2026-01-31 08:53:12,2026-02-24 17:18:46,Y
448,Month Product,Sports,Adidas,115.75,2026-05-11 08:40:57,2026-05-12 09:34:07,Y
449,Manager Product,Electronics,Adidas,489.93,2026-05-12 13:38:25,2026-06-11 01:42:28,Y
450,Such Product,Electronics,Samsung,472.95,2026-02-21 02:05:42,2026-02-27 21:27:34,Y
451,Even Product,Electronics,Adidas,370.18,2026-01-15 19:41:17,2026-01-18 05:21:55,Y
452,Student Product,Sports,Nestle,208.51,2026-04-15 05:55:40,2026-05-01 12:51:17,Y
453,Business Product,Sports,Sony,301.42,2026-04-05 07:40:17,2026-04-13 08:37:48,Y
454,Develop Product,Sports,Nestle,69.36,2026-01-15 22:28:56,2026-01-20 21:54:44,Y
455,Spend Product,Sports,Sony,461.93,2026-01-05 17:51:05,2026-01-29 09:37:45,N
456,Lead Product,Clothing,Nestle,269.1,2026-05-25 22:59:38,2026-05-28 07:01:03,Y
457,Store Product,Home,Nike,358.88,2026-02-19 06:12:29,2026-02-26 09:11:37,Y
458,Near Product,Grocery,Adidas,498.07,2026-03-30 12:06:29,2026-04-16 14:35:29,Y
459,Suggest Product,Grocery,Adidas,213.84,2026-06-23 03:05:38,2026-06-28 03:29:45,Y
460,Century Product,Sports,Samsung,99.24,2026-06-21 10:08:29,2026-07-07 03:44:51,Y
461,Thank Product,Grocery,Adidas,291.51,2026-06-20 17:18:19,2026-06-29 11:22:05,Y
462,Experience Product,Home,Samsung,122.07,2026-04-12 09:32:02,2026-05-08 12:59:19,Y
463,Force Product,Sports,Nestle,396.51,2026-03-06 03:25:30,2026-03-23 07:24:39,Y
464,Let Product,Sports,Adidas,296.55,2026-02-13 05:04:00,2026-03-11 10:44:05,Y
465,Yeah Product,Clothing,Nike,368.6,2026-01-27 20:12:16,2026-02-13 09:22:52,Y
466,Board Product,Grocery,Adidas,412.16,2026-06-25 19:28:14,2026-07-20 09:24:06,Y
467,Able Product,Home,Apple,288.35,2026-01-30 16:11:34,2026-02-21 02:37:35,Y
468,Sister Product,Sports,Sony,341.97,2026-01-06 15:50:44,2026-01-25 09:37:24,N
469,Quite Product,Sports,LG,391.04,2026-04-27 15:44:03,2026-05-10 07:00:00,Y
470,Accept Product,Toys,Adidas,89.62,2026-01-04 11:48:00,2026-01-17 04:57:05,Y
471,Court Product,Toys,Nike,12.34,2026-03-31 10:43:10,2026-04-02 23:27:05,Y
472,Our Product,Electronics,LG,327.39,2026-04-25 03:43:16,2026-05-07 21:53:02,Y
473,Hospital Product,Clothing,Samsung,280.98,2026-01-19 18:08:20,2026-02-07 06:38:08,Y
474,Popular Product,Clothing,Adidas,13.0,2026-06-24 08:15:27,2026-07-14 03:49:45,Y
475,Able Product,Grocery,Nestle,421.67,2026-01-10 10:51:02,2026-02-10 06:35:48,Y
476,Case Product,Home,LG,172.17,2026-06-03 22:44:16,2026-06-20 08:25:24,Y
477,Think Product,Sports,Nestle,275.12,2026-05-12 17:40:04,2026-06-01 19:58:26,Y
478,Wide Product,Grocery,LG,203.82,2026-01-10 22:41:28,2026-01-13 10:40:39,Y
479,Moment Product,Sports,Nike,193.32,2026-02-20 17:49:42,2026-02-25 18:49:21,Y
480,Church Product,Clothing,Sony,195.31,2026-06-07 02:46:40,2026-06-28 17:18:19,Y
481,Create Product,Grocery,Adidas,417.87,2026-06-09 18:58:27,2026-06-26 10:44:21,Y
482,Price Product,Toys,LG,5.32,2026-05-28 06:31:47,2026-05-30 03:06:07,Y
483,Likely Product,Electronics,Nestle,447.88,2026-06-24 20:50:15,2026-07-05 22:34:32,Y
484,Work Product,Electronics,Samsung,338.14,2026-04-10 12:46:39,2026-04-21 10:16:15,Y
485,Cell Product,Grocery,LG,199.62,2026-05-19 05:49:47,2026-05-29 17:07:03,Y
486,Step Product,Toys,Apple,318.8,2026-02-20 04:22:52,2026-03-18 23:41:03,Y
487,Allow Product,Grocery,Adidas,470.6,2026-05-17 23:36:54,2026-05-26 12:30:49,Y
488,Blue Product,Toys,Nike,97.37,2026-05-27 03:21:25,2026-06-01 11:27:08,Y
489,Against Product,Sports,LG,114.72,2026-05-04 05:58:21,2026-05-16 11:34:31,Y
490,Protect Product,Clothing,Samsung,282.17,2026-03-29 16:38:50,2026-04-20 03:45:04,Y
491,Century Product,Clothing,Nike,12.74,2026-04-04 00:41:31,2026-04-20 09:06:25,Y
492,Best Product,Home,Nestle,313.47,2026-05-05 21:18:52,2026-05-14 04:19:04,Y
493,Ground Product,Clothing,Sony,86.58,2026-05-12 18:04:59,2026-06-07 22:03:29,Y
494,Study Product,Home,Apple,200.29,2026-06-30 10:37:15,2026-07-08 11:43:08,Y
495,Such Product,Grocery,Nestle,90.89,2026-03-17 14:06:20,2026-04-13 00:18:26,Y
496,Education Product,Sports,Sony,426.52,2026-02-24 13:30:46,2026-03-24 05:37:01,Y
497,Arm Product,Home,Adidas,397.26,2026-06-08 08:54:09,2026-07-01 05:45:15,Y
498,Through Product,Clothing,LG,239.08,2026-04-01 05:29:24,2026-04-20 21:37:08,Y
499,Total Product,Clothing,LG,281.11,2026-02-03 15:00:17,2026-02-14 19:16:11,Y
500,Car Product,Sports,Sony,33.89,2026-04-13 05:56:08,2026-05-12 16:31:59,Y
